rate,avr_air_pressure,avr_wind_spd,avr_temp,avr_water_pressure,rel_humidity,day_precipitation,month_sun,hour_sun,extreme_wind_speed,min_air_pressure,min_temp,max_air_pressure,max_temp,max_wind_speed,day_max_precipitation,power,industrial_add,sales_rate,fin_budget,cpi,pas_turn,im_ex,Residential_investment,ex_factory_index
4.633972992,1014.614286,2.614285714,-8.885714286,1.928571429,58.57142857,2.285714286,64.14285714,191.9,15.84285714,997.8571429,-19.22857143,1026.7,3.314285714,9.857142857,4.085714286,69.21,33.8,95.75,43.6,102.55,83789.25,3160980,18.67762238,107.13
3.655531864,1016.871429,2.785714286,-8.6,1.814285714,53.42857143,4,64.71428571,194.0142857,14.3,1000.528571,-19.2,1026.828571,4.428571429,8.8,4.657142857,64.45,18.1,96.38,49.3,103.4,94689,2959660,51,105.81
5.811419095,1010.242857,3.457142857,0.928571429,2.885714286,43.57142857,0.571428571,71.85714286,267.9,17.84285714,997.2285714,-13.44285714,1024.071429,17.64285714,11.08571429,4.067857143,74.39,29.7,98.46,27.8,102.75,84280.5,4583577,5.2,105.73
5.621890547,1001.085714,3.628571429,11.12857143,6.485714286,50,6.571428571,57.85714286,231.0285714,18.65714286,979.6857143,-2.371428571,1013.414286,26.04285714,11.5,24.48571429,69.38,25.1,98.15,22.9,102.05,89186,4464550,6.6,105.86
5.361288794,999.4857143,3.085714286,15.85714286,10.4,60.14285714,12.14285714,56,251.5285714,18.7,988.8571429,5.014285714,1008.628571,28.08571429,11.4,56.78571429,71.67,24.1,97.64,23.3,102.45,94300.5,3772627,1.3,106.17
5.076995973,993.3285714,2.642857143,21.28571429,19.27142857,77.28571429,16.28571429,39.28571429,176.4857143,17.37142857,984.1714286,13.62857143,1002.585714,30.9,10.37142857,36.7,68,19.9,98.29,22.3,102.25,87125.5,4197710,10.8,105.85
4.873252784,995.2142857,2.257142857,24.71428571,24.67142857,80,13.14285714,39.14285714,178.4142857,16.02857143,984.7,17.94285714,1004.914286,33.18571429,8.4,59.12857143,69.19,22.2,99.28,22.2,102.75,89362,4129866,13.6,105.22
5.0864724,998.3571429,2.3,23.74285714,23.92857143,81.57142857,12,40,168.1714286,15.25714286,987.9142857,14.3,1006.514286,31.91428571,8.457142857,56.95714286,78.99,15.6,98.54,22.2,102.8,94968,4101492,16.1,105.39
4.30466714,1006.314286,2.3,19.38571429,15.51428571,70.42857143,5,61.85714286,228.9571429,13.77142857,995.4571429,8.528571429,1013.485714,30.14285714,7.971428571,27.27142857,70.81,19.2,96.23,28.4,102.4,92356,3995620,18.6,104.8
3.534707415,1010.7,2.742857143,11.87142857,8.885714286,62.71428571,4.857142857,69.14285714,234.7,16.84285714,999.3571429,-4.042857143,1025.328571,24.31428571,10.02857143,17.01428571,73.81,15,98.36,26.8,102.05,97731,3473782,18.7,104.03
3.963515755,1010.428571,2.3,3.928571429,5.185714286,58.71428571,2.714285714,67.42857143,197.3857143,16,997.0714286,-6.771428571,1026.914286,19.6,9.5,4.410714286,76.04,19,97.64,27.1,101.9,91353.5,3795022,25.6,103
3.314380479,1017.857143,2.385714286,-9.471428571,1.828571429,58.85714286,4.142857143,63,179.7285714,14.12857143,1000.871429,-17.87142857,1027.6,4.171428571,8.514285714,6.442857143,90.59,17.5,100.16,22.7,101.35,110459.125,4418001,27.8,102.7
5.277452587,1017.542857,2.257142857,-8.414285714,2.185714286,62.28571429,3.428571429,58.42857143,174,14,1006.157143,-19.87142857,1027.814286,4.114285714,9.3,4.242857143,80.17,18.9,96.85916667,7.2,101.675,99784.5,3286785,18.67762238,104.48
5.026925779,1016.457143,3.328571429,-5.9,2.628571429,59.71428571,6,57.14285714,170.9571429,19.42857143,996.3714286,-22.92857143,1036.214286,8.885714286,11.81428571,8.557142857,77.11,18.2,96.66,14.8,102.225,99419.5,2925048,14.8,103.27
5.839381878,1005.985714,3.442857143,1.842857143,3.728571429,53.71428571,3.285714286,61.28571429,227.8857143,17.45714286,993.1142857,-11.95714286,1019.285714,14.24285714,11.24285714,4.918452381,86.9,18.4,97.04,22.2,101.68,98250,4327488,49.2,103.31
5.904940295,1001.157143,3.542857143,8.457142857,6.185714286,57.57142857,8.571428571,48.85714286,195.8142857,19.6,980.8857143,-3.357142857,1014,22.51428571,12.6,12.48571429,77.62,15.3,97.92,22.4,101.705,99906.5,4285696,57,103.57
5.598220557,1001.071429,3.2,17.71428571,11.25714286,58.14285714,7.714285714,56.71428571,254.7571429,17.85714286,989.9,5.328571429,1016.142857,30.32857143,11.51428571,16.27142857,82.92,19.5,96.98,15.8,101.22,112699.5,4447897,45,103.18
5.033949895,994.5142857,2.728571429,21.34285714,18.17142857,74,11.57142857,44,198.7,16.15714286,979.5714286,12.74285714,1003.757143,32.57142857,9.242857143,53.38571429,85.75,26.4,98.82,18,100.99,100958.5,4503581,53.5,104.92
4.617185671,994.8714286,2.571428571,23.7,23.81428571,81.85714286,12.57142857,37.85714286,173.2142857,15.04285714,985.8142857,14.58571429,1005.457143,31.62857143,8.957142857,53.81428571,88.45,21.4,98.91,18.1,100.455,108064.5,4640259,49.7,104.79
4.687426832,998.4142857,2.457142857,24.54285714,24.62857143,80.71428571,8.285714286,45.57142857,191.4285714,13.97142857,991.2142857,15.11428571,1005.757143,32.31428571,8.771428571,43.58571429,87.74,19,98.98,18.1,100.16,111228,4614801,47,104.45
4.041208148,1005.614286,2.342857143,18.72857143,15.47142857,73.14285714,4.857142857,64.85714286,239.8285714,13.24285714,993.5714286,5.985714286,1013.571429,29.72857143,8.171428571,14.67142857,81.41,19.2,99.24,20.1,100.42,104576,5078361,43,104.45
4.118473425,1009.085714,2.857142857,13.04285714,10.6,67.57142857,6.428571429,59.57142857,202.5285714,19.14285714,1000.057143,-1.6,1021.6,28.24285714,11.12857143,28.48571429,79.74,19,98.84,21.1,101.38,108529,4172665,43.5,104.4
3.430110044,1010.757143,2.957142857,2.5,4.928571429,61.14285714,4.714285714,58.85714286,171.6428571,16.44285714,993.9857143,-9.814285714,1025.642857,19.58571429,10.17142857,8.9,85.7,18.7,97.47,20.8,101.655,98569.5,4955237,42.1,104.07
1.966752517,1017.657143,2.671428571,-4.885714286,2.871428571,63.42857143,2.571428571,53.28571429,152.6285714,15.72857143,1005.057143,-17.55714286,1026.828571,7.328571429,9.657142857,2.379166667,90,22,99.4,21,102.93,114012.4583,5186632,36.5,104.61
6.03769195,1017.771429,2.271428571,-6.385714286,2.542857143,65,3.714285714,58.28571429,173.2142857,15.4,1005.571429,-16.4,1025.914286,4.057142857,9.357142857,3.143452381,82.41,19.65,96.69916667,26.2,102.62,101905,4482993,18.67762238,104.5
5.083759888,1010.714286,3.042857143,-0.114285714,3.742857143,59.57142857,2.571428571,62,185.6142857,18.81428571,997.8,-17.18571429,1022.114286,12.08571429,11.44285714,6.545833333,69.85,18.1,96.7,34.7,101.81,108922,4449278,44.6,103.96
5.818985575,1008.657143,3.257142857,1.857142857,4.642857143,64.57142857,7.714285714,54.42857143,202.7,23.02857143,988.7714286,-14.5,1020.471429,14.81428571,13.72857143,47.27142857,79.65,15.3,96.8,32.3,104.18,99436,4423311,54,104.08
5.798045603,1004.814286,3.342857143,10.02857143,6.542857143,55.42857143,5.142857143,57.14285714,228.5571429,16.45714286,989.9,-1.914285714,1016.471429,26.84285714,10.67142857,17.71428571,78.77,19.3,97.2,33.5,103.385,103956,5465298,42.1,103.78
5.812005584,996.1,3.1,17.78571429,11.01428571,57,10.28571429,59.14285714,265.7714286,18.8,983.5142857,6.4,1006.957143,29.08571429,11.54285714,27.17142857,77.42,19.1,97.7,35.4,104.15,117325,5502839,37.7,103.65
5.411819451,997.0857143,3.128571429,23.37142857,17.7,64.42857143,4.857142857,59.42857143,268.7,17.24285714,986.4,13.34285714,1004.142857,34.05714286,10.05714286,29.94285714,86,28.7,96.7,36.1,105.88,114381,5414922,32.9,103.03
5.027919963,993.8,2.314285714,23.91428571,23.95714286,81.85714286,11.28571429,41.14285714,187.0571429,13.8,985.4285714,14.67142857,1001.328571,33.25714286,8.642857143,57.18571429,97.36,18.5,97.8,36.1,107.395,120235,6141220,33.5,102.94
4.550953932,997.3857143,2.357142857,24.11428571,24.01428571,81.28571429,9.857142857,49.14285714,207.6857143,15.68571429,983.4285714,16.05714286,1006.8,32.32857143,9.4,53.34285714,91.87,20.7,97.8,36.5,108.695,124806,5944090,35.7,103.45
3.948348069,1003.971429,2.1,19.78571429,16.35714286,72.42857143,6.285714286,62.28571429,230.5571429,13.52857143,996.1428571,7.771428571,1015.3,30.72857143,8.385714286,24.84285714,97.86,24.5,98.5,37.4,107.59,120481.5,5335076,40,104.1
3.873894835,1010.728571,2.514285714,10.74285714,9.171428571,68.28571429,7,53,180.2857143,15.47142857,998.1857143,-3.885714286,1020.942857,25.67142857,9.757142857,20.1,91.98,19.5,99.5,37.5,107.095,124568,5524662,40.9,105.07
3.352722196,1014.7,2.871428571,1.757142857,4.628571429,61.42857143,4.142857143,59.57142857,175.0142857,16.44285714,1002.528571,-12.24285714,1026.2,15.44285714,10.31428571,12.98571429,98.08,18.6,99.1,37.4,108.68,117773.5,6117827,39.8,106.66
1.877617497,1013.657143,2.271428571,-5.071428571,3.014285714,69.71428571,5.428571429,55,156.5571429,14.74285714,1002.314286,-15.4,1026.842857,5.157142857,9.257142857,4.614285714,102.56,13.8,100.3,32.3,108.515,119770.4583,6336637,39,108.08
6.630359212,1019.985714,2.657142857,-9.528571429,1.642857143,52.85714286,2.541666667,73.57142857,218.9714286,14.55714286,1005.885714,-20.48571429,1033.742857,3.757142857,9.5,3.231547619,106.37,19.19166667,96.54583333,51.7,108.625,115838,6137086,18.67762238,109.82
5.930475087,1016.2,2.742857143,-5.628571429,1.985714286,47.85714286,1.946428571,73.71428571,229.0285714,16.35714286,995.4714286,-16.81428571,1029.114286,10.95714286,10.68571429,1.078571429,87.62,17.7,97.5,39.7,109.88,127679.5,5055134,51,109.55
5.923522596,1007.928571,3.128571429,4.528571429,4.742857143,57.28571429,5.285714286,54.42857143,201.4285714,16.47142857,996.1714286,-7.214285714,1019.185714,16.31428571,10.62857143,9.457142857,105.45,20.3,97.2,36.99,108.13,117103,6722704,72.6,112.71
6.310544612,1003.371429,3.442857143,11.94285714,7.614285714,57.14285714,6.142857143,53.57142857,214.5714286,16.95714286,990.3714286,-0.242857143,1013.028571,26.57142857,10.82857143,13.42857143,98.78,19.5,97.3,34.3,108.205,120127.5,6464130,54.6,112.53
5.937427578,997.9142857,3.028571429,16.07142857,11.65714286,66.57142857,11.42857143,48.57142857,217.6714286,16,987.5857143,6.1,1008.285714,26.77142857,10.28571429,20.34285714,96.59,20.7,98.3,33.6,107.19,127221.5,6403167,46.7,112.69
5.550405562,997.9857143,2.528571429,20.51428571,18.61428571,78.85714286,11.57142857,38.71428571,174.5857143,14.1,989.4714286,10.97142857,1006.128571,31.31428571,8.528571429,38.74285714,95.57,20.2,97.1,32.8,106.02,119242.5,7346104,57.5,114.39
5.353418308,995.1857143,2.4,24.22857143,25.65714286,85.85714286,13.28571429,37.71428571,171.3285714,14.11428571,982.3714286,18.08571429,1003.1,32.78571429,8.671428571,58.25714286,99.02,16.5,98.6,30.6,104.865,133999,7826399,49.9,115.9
4.799536501,997.7571429,2.385714286,23.55714286,23.74285714,82.85714286,9.428571429,53.71428571,226.8857143,14.05714286,988.1571429,15.27142857,1004.357143,32.5,8.685714286,48.88571429,104.02,17.1,97.1,29.1,103.46,139849.5,9107958,49.6,116.52
4.141367323,1003.957143,2.471428571,19.14285714,15.61428571,69.57142857,3.857142857,67,248.4857143,16.3,995.2857143,4.9,1014.485714,29.92857143,9,20.6,87.84,16.9,96.8,29.3,103.275,137608,8412677,45.9,113.27
4.268829664,1008.242857,2.657142857,12.6,9.557142857,63.71428571,4.428571429,65.28571429,221.4571429,16.01428571,996.8571429,-2.157142857,1016.442857,25.01428571,10.15714286,17.1,81.56,15,98,27.1,102.49,142667.5,6962336,43.4,110.4
3.580533024,1012.271429,2.871428571,2.585714286,4.457142857,56.57142857,2.714285714,68.14285714,200.5428571,17.4,996.8428571,-10.94285714,1022.171429,18.44285714,11.17142857,3.325,78.41,9.1,97.2,25.6,99.63,131936,6404976,39.7,103.3
1.749710313,1013.485714,3.242857143,-4.728571429,2.6,53.28571429,2.714285714,60.71428571,173.5428571,17.07142857,999.5571429,-18.2,1028.228571,11,10.65714286,7.74702381,88.99,9,97.7,25.2,98.49,130238.5833,5480035,35.1,99.46
5.261460493,1016.171429,2.7,-7.757142857,2.085714286,55.57142857,2.285714286,67.85714286,202.2571429,16.01428571,1000.271429,-19.75714286,1028.814286,6.571428571,10.05714286,4.680357143,84.15,16.65833333,96.99166667,4.5,99.005,124180.5,4470131,18.67762238,95.62
5.061045842,1011.228571,2.8,-4.257142857,2.728571429,57.71428571,4.285714286,65,194.7,17.67142857,987.5714286,-18.8,1027.185714,10.02857143,11.17142857,19.68571429,80.02,13.3,94.7,8.1,98.365,130298.5,4008011,89.4,94.9
6.263533748,1009.185714,3.385714286,1.9,3.785714286,52.57142857,4.571428571,66.14285714,246.8571429,18.1,987.5857143,-10.68571429,1026.871429,18.3,11.41428571,3.814285714,89.45,14,96,9.4,98.135,135735,4426228,44.4,93.13
5.95715273,1004.357143,3.242857143,11.22857143,7.185714286,57,6.857142857,58.28571429,233.8142857,18.52857143,985,-3.014285714,1017.142857,25.44285714,11.35714286,47.45714286,87.54,12,96.9,8.3,98.9,131568,4644273,42.8,92.14
5.342087077,1000.571429,3.128571429,18.74285714,11.5,56.85714286,5.285714286,59.57142857,266.6428571,16.81428571,987.6,7.357142857,1008.528571,30.81428571,10.77142857,25.64285714,86.74,14.5,98,9.8,99.58,147538,4911716,38.7,91.04
5.001151808,992.5142857,2.871428571,21.17142857,17.47142857,71.14285714,13.28571429,49.14285714,221.0285714,18.22857143,983.3,11.57142857,1002.614286,32.2,10.52857143,30.98571429,87.93,14.1,96.3,13.8,99.365,147889.8333,6070899,29.8,90.49
4.869845658,994.1571429,2.6,23.67142857,22.75714286,79.42857143,12,48.42857143,218.8428571,16.22857143,985.8428571,17.01428571,1001.242857,31.62857143,9.557142857,53.35714286,99.73,15,98.5,12.8,99.78,149080.5,6111371,29,90.04
4.64639484,998.7571429,2.4,24.22857143,22.05714286,73.85714286,6.142857143,64.71428571,273.4,17.24285714,990.0285714,9.657142857,1009.157143,35.52857143,10.75714286,42.04285714,108.2,15.6,98.3,13.9,100.085,145629.125,5811281,28.3,90.9
4.270905321,1004.114286,2.628571429,18.52857143,14.84285714,70.71428571,5.857142857,57.85714286,213.3,14.81428571,993.4,7.928571429,1012.328571,28.77142857,9.114285714,12.01428571,96.99,16.6,98.5,12.7,101.145,145563.875,7530516,26.2,91.98
4.383782539,1006.742857,2.6,11.62857143,8.642857143,63.28571429,6,63.85714286,216.6714286,17.87142857,987.0285714,-1.785714286,1019.557143,22.82857143,10.78571429,16.81428571,103.1,20.4,98.4,12.2,101.46,148631.4167,5436224,25.5,93.71
4.111955771,1015.414286,3.414285714,-1.157142857,4,63.14285714,3.714285714,58.71428571,172.0285714,17.24285714,998.1857143,-14.5,1028.2,18.9,10.74285714,8.371428571,107.38,21,97.9,13.4,102.665,149373.8333,7455138,24.7,100.15
3.425478,1014.314286,2.657142857,-7.957142857,2.471428571,63.28571429,5.428571429,59.57142857,170.1857143,15.27142857,999.7285714,-24.07142857,1024.557143,6.642857143,9.328571429,5.657142857,110.28,21.4,100,17.3,103.58,146229.5833,8794170,22.4,104.24
5.017142857,1015.642857,2.942857143,-10.31428571,2.042857143,63.85714286,6.142857143,60.42857143,180.7,16.72857143,1001.5,-24.84285714,1027.057143,4.442857143,10.77142857,2.828571429,110.88,16.61666667,97.25,25.6,103.4,148318.1667,7845552,18.67762238,105.81
4.685714286,1013.514286,3.057142857,-6.442857143,2.514285714,57.71428571,4.857142857,57.28571429,171.2571429,15.91428571,994,-19.18571429,1025.857143,9.085714286,9.571428571,7.114285714,87.31,21.1,94.8,26.4,103.015,151635.625,6902427,46.2,106.68
5.625142857,1011.085714,3.628571429,-0.528571429,3.357142857,54.14285714,5.571428571,59.57142857,221.7428571,20.61428571,987.9571429,-12.45714286,1029.028571,13.77142857,12.04285714,12.72857143,114.2,21.2,98.1,26.4,102.79,152355.375,7548242,46.4,109.39
5.748571429,1006.642857,3.514285714,6.971428571,5.628571429,57.28571429,11.14285714,48,193.4142857,19.81428571,990.5428571,-3.285714286,1017.985714,20.51428571,12,17.22857143,106.6,19,99.1,33,102.835,156041,7985522,33.9,110.09
5.645714286,998.6857143,3.314285714,16.12857143,12.12857143,68.71428571,13.14285714,45.71428571,206.1857143,18.42857143,984.9,5.742857143,1010.128571,30.44285714,11.04285714,37.91428571,101.57,18.7,97.9,32,102.115,160855.5,7580033,35.3,110.91
5.366857143,999.2571429,2.442857143,22.04285714,17.67142857,69.42857143,8.571428571,57.28571429,258.7857143,13.48571429,989.9285714,11.54285714,1009.485714,32.95714286,8.914285714,18.1,108.7,18.1,96.9,32,102.025,176403.5,8016760,37.1,109.39
5.117714286,995.6714286,2.542857143,24.61428571,26.21428571,85.42857143,15.71428571,31.42857143,143.0428571,15.07142857,986.8142857,17.91428571,1003.557143,32.8,9,58.54285714,114.4,16.4,97.5,31.2,102.385,165659,7991058,36.2,107.27
4.838857143,999.0142857,2.314285714,23.27142857,24.14285714,85.57142857,11.85714286,43.42857143,183.6285714,14.2,987.5571429,15.5,1007,31.14285714,8.628571429,71.92857143,105,16.5,97.6,30.1,103.66,166338,8175012,35,105.2
4.507428571,1004.457143,2.328571429,18.42857143,17.25714286,78.85714286,7.428571429,52.85714286,195.2,14.31428571,996.9714286,4.528571429,1014.114286,30.41428571,8.642857143,27.95714286,103.4,17.4,98.6,29.9,103.24,170147.5,8485112,33.6,105.41
4.466285714,1010.614286,2.871428571,9.814285714,8.942857143,69,4.857142857,63.42857143,215.4,15.62857143,996.7714286,-4.442857143,1027.671429,24.4,9.785714286,35.08571429,104.64,16.4,97.9,30,104.365,180813,7171133,31.6,105.76
4.297142857,1010.085714,3.042857143,2.9,5.228571429,64.57142857,7.428571429,56.14285714,164.5714286,18.37142857,992.0285714,-11.92857143,1026.514286,17.12857143,11.18571429,19.32857143,111.4,15.9,97.1,29.5,105.97,161452,8589107,30.3,106.67
4.016,1008.328571,3.085714286,-6.6,2.657142857,60.28571429,5.285714286,57.14285714,163.3285714,16.07142857,988.4142857,-22.07142857,1026.614286,10.11428571,9.971428571,5.442857143,112.4,18.9,99.1,26,105.27,160774.125,8826127,28.3,106.58
6.313027607,1019.471429,2.471428571,-12.21428571,1.328571429,55,1.571428571,78.14285714,232.2142857,12.85714286,1005.785714,-23.54285714,1032.814286,3.6,8.185714286,1.029166667,117.48,14.875,97.26666667,38.5,104.55,156488.5,9568223,18.67762238,106.58
5.986767055,1013.7,2.871428571,-4.057142857,2.814285714,59.42857143,2.142857143,58,172.2857143,15.57142857,1000.842857,-16.65714286,1023.371429,10.47142857,10.04285714,3.351785714,94.89,14.5,98.7,38.1,104.545,161241.5,6538480,25.5,107.13
6.62103582,1011.142857,3.185714286,1.842857143,3.142857143,45.14285714,1.571428571,75.85714286,282.8285714,16.9,998.6428571,-10.82857143,1018.942857,18.92857143,10.05714286,5.766666667,123.7,13.5,97.7,40.1,104.925,180161,9957292,28.5,107.35
6.214921287,1003.428571,3.571428571,9.6,5.7,49.71428571,6.428571429,60.42857143,242.2142857,17.97142857,987.2714286,-2.742857143,1019.471429,22.95714286,10.88571429,11.44285714,106.9,14.8,98.8,36.1,105.07,158851.5,9152210,35.7,107.48
6.153319644,998.5857143,3.342857143,17.17142857,9.885714286,53.14285714,6.714285714,62.57142857,281.0285714,18.45714286,987.8428571,5.485714286,1005.928571,29.35714286,11.48571429,24.18571429,111.6,15.7,98.5,37.9,106.05,177933.5,9062397,38.1,107.43
5.742642026,995.1857143,2.814285714,20.77142857,18.01428571,75.71428571,12.14285714,45.14285714,203.7714286,16.12857143,985.5285714,12.12857143,1003.271429,31.34285714,9.357142857,50.62857143,115.1,16.8,97.2,37,107.235,197058,9551101,38.6,107.61
5.571526352,994.3142857,2.357142857,24.11428571,24.17142857,81.57142857,13,37,169.4428571,16.08571429,985.6,17.01428571,1001.085714,33.21428571,9.257142857,45.92857143,118.5,13.6,98,35.8,107.2,173146.5,10082400,39.5,107.75
5.897786904,998.0857143,2.057142857,23.92857143,24.41428571,83.28571429,12,45.28571429,192.1857143,14.61428571,984.7571429,16.35714286,1007.471429,32.07142857,8.271428571,74.54285714,128.8,14,98.3,34.7,106.1,174576,9956308,39,107.39
5.409536847,1005.057143,2.7,17.42857143,12.97142857,65.57142857,3.857142857,67.28571429,248.3285714,15.27142857,994.5,4.814285714,1015,28.35714286,8.985714286,24.84285714,109,14,98.6,33.4,106.14,175835,9664001,38.4,106.85
5.507643167,1010.171429,2.628571429,11.8,9.114285714,65.57142857,6.285714286,61,207.1571429,14.78571429,992.3714286,-0.342857143,1019.314286,22.75714286,9.028571429,10.31428571,107.7,13.8,97.9,33.1,105.135,182092.5,9742011,39.3,105.64
4.996577687,1014.8,2.828571429,2.928571429,5.242857143,63.57142857,7.428571429,56.14285714,165.3142857,15.48571429,1000.757143,-11.64285714,1027.442857,18.48571429,9.185714286,22.68571429,114.4,12.7,97.7,31.8,103.45,147111.5,11002663,38.2,103.98
4.346338125,1019.6,2.457142857,-7.271428571,2.028571429,54.42857143,1.625,70.42857143,201.8428571,13.55714286,1009.4,-18.7,1029.742857,5.528571429,8.242857143,2.054761905,117.6,16.1,99.6,31.7,103.37,172720.0833,8592910,37.6,103.24
14.71405787,1018.642857,2.3,-10.75714286,1.528571429,53.57142857,2,62.57142857,186.1285714,12.64285714,1008.585714,-21.44285714,1029.642857,1.914285714,8,1.963690476,110.87,13.75,97.26666667,15.5,104.04,170267,9980368,18.67762238,102.54
7.245386193,1014.8,2.942857143,-6.785714286,1.942857143,47,2.142857143,70.85714286,219.6428571,15.07142857,1001.342857,-21.45714286,1026.671429,7.071428571,9.342857143,4.742857143,107.7,15.8,98.8,19.2,102.625,169412.5,9881561,23.8,101.97
7.416267943,1010.728571,3.242857143,0.614285714,3.471428571,53.85714286,6,62.28571429,231.3,17.47142857,994.6,-11.71428571,1021.185714,17.14285714,10.4,12.22857143,124.9,10.9,97.5,23.8,102.975,191413,10540522,31,101.77
7.124629756,1001.314286,3.628571429,10.31428571,6.857142857,53.85714286,6.428571429,57,228.2428571,18.48571429,984.7142857,-4.085714286,1013.914286,24.54285714,11.81428571,48.51428571,118.8,9.9,97.2,22.3,102.79,174394.5,9670141,22.4,101.27
7.190704033,999.9571429,2.642857143,18.34285714,10.47142857,52.85714286,5.571428571,67.14285714,301.5714286,15.31428571,987.4571429,6.971428571,1009.442857,29.98571429,9.728571429,17.4,121.3,8.1,97.2,21.1,102.215,187633.5,9634796,18.8,100.44
5.732513101,995.5571429,2.614285714,21.02857143,18.74285714,76.28571429,14.57142857,42.71428571,191.6428571,15.72857143,985.7857143,11.72857143,1007,30,8.842857143,38.92857143,133.2,9.7,96.6,21.4,101.835,207125,9831785,15.3,99.46
5.285942128,994.0571429,2.5,24.22857143,23.91428571,80.14285714,11.57142857,43.42857143,197.2571429,15.57142857,982.2857143,17.1,1002.771429,31.67142857,9.242857143,63.34285714,125.9,9.8,99.8,19.9,102.04,184732,10153749,13.8,98.42
5.203918888,999.0571429,2.228571429,23.28571429,22.78571429,80.28571429,12,55.57142857,235.0571429,16.35714286,982.1,11.94285714,1007.085714,32.18571429,9.971428571,82.27142857,119.9,8.6,98.1,19.7,102.54,190751.5,9370820,13.7,98.04
4.766461609,1004.314286,2.457142857,18.32857143,15.68571429,75.28571429,8.428571429,58.71428571,217.4428571,15.52857143,994.4714286,7.814285714,1012.771429,30.11428571,9.4,32.87142857,100.5,9.5,96.2,22.8,102.445,191381,8798489,13.5,97.93
4.969241285,1008.285714,2.557142857,10.84285714,8.514285714,64.71428571,6.857142857,69,235.4571429,14.57142857,998.1285714,-2.857142857,1018.042857,23.58571429,8.771428571,25.88571429,106.5,9.6,98.9,21.6,102.775,193120.5,9020740,15.7,98.62
4.367737526,1009.528571,2.742857143,0.814285714,4.442857143,65.71428571,8.142857143,58.71428571,171.5,16.6,988.7428571,-10.52857143,1023.5,13.64285714,10.47142857,25.17142857,117.1,11,97.2,19.8,102.875,160016,10548424,16.8,99.39
3.77534746,1016.214286,2.657142857,-9.828571429,2,61.42857143,6.571428571,59.71428571,170.6,15.01428571,999.1714286,-22.62857143,1029.614286,3.357142857,9.257142857,9.3,129.4,11.8,99.8,17.4,103.265,172790,10420747,16.2,99.72
5.464692483,1017.028571,2.371428571,-10.52857143,2.057142857,65.14285714,4.285714286,57.28571429,170.9142857,14.37142857,1002.785714,-22.84285714,1030.871429,4.4,8.685714286,2.095238095,116.4183333,11.38333333,97.49166667,9.7,102.87,175663.5,10706217,18.67762238,99.77
4.892938497,1015.728571,2.957142857,-6.371428571,2.414285714,58,6.571428571,64.28571429,192.1142857,18.14285714,996.4571429,-20.78571429,1029.628571,7.7,10.97142857,7.214285714,117.0191667,8.525,97.55,7,104.355,178013,8367101,18.5,99.71
5.412300683,1008.171429,3.585714286,0.457142857,3.6,55.14285714,4.285714286,61.42857143,229.4,21,985.9,-10.97142857,1024.342857,14.05714286,13.1,12.62857143,120.59,10.5,97.4,10.4,103.08,196959.5,10493774,20.2,99.48
5.455580866,1003.1,3.371428571,6.928571429,5.385714286,55.42857143,9.428571429,62.57142857,250.7428571,18.4,991.1571429,-3.257142857,1014.128571,21.6,11.31428571,18.55714286,116.77,10.8,97.3,6.9,103.015,178172,10178549,23.6,98.37
5.407744875,998.9857143,3.357142857,18,11.41428571,58.57142857,5.571428571,61.71428571,277.7714286,19.38571429,982.8714286,5.771428571,1009.957143,30.92857143,11.6,12.67142857,115.56,10.4,97.9,5.2,102.63,199076.5,10621125,30,97.9
5.109339408,996.9,2.842857143,21.65714286,17.7,70.28571429,10.14285714,46.57142857,209.2714286,13.04285714,985.3428571,12.2,1006.6,31.81428571,8.828571429,24.44285714,117.5,9.8,98,5.7,102.39,217235.5,9004135,21.4,98.01
5.070615034,992.0142857,2.457142857,24.6,24.17142857,79.71428571,13.14285714,45.71428571,208.1571429,14.2,978.7142857,17.97142857,1000.328571,33.14285714,9.442857143,82.47142857,135.45,7.5,98.6,6.5,101.93,189829,9795764,23.8,98.79
5.027334852,995.0857143,2.814285714,24.77142857,24.08571429,76.85714286,10.42857143,49,207.8428571,16.82857143,984.8571429,11.95714286,1002.271429,33.4,10.87142857,59.54285714,130.75,7.6,98.8,7,101.275,199250.5,10134811,22.2,99.27
4.665148064,1004.971429,2.571428571,18.67142857,15.07142857,70.42857143,6.857142857,63.14285714,233.3,14.04285714,993.6714286,5.557142857,1013.542857,28.54285714,9.8,25.6,128,7.5,97.7,7.8,102.07,199782,9959765,24.6,99.64
4.979498861,1011.1,2.7,11.02857143,9.071428571,68.42857143,7.571428571,61.28571429,208.8428571,15.11428571,994.8857143,-1.285714286,1020.842857,25.62857143,10.42857143,27.92857143,123.95,9.3,97.3,9,102.015,201406.5,9304366,21.6,99.36
4.410022779,1009.814286,2.985714286,3.142857143,4.914285714,59.14285714,6,59.71428571,175.5571429,15,995.2428571,-9.428571429,1019.885714,16.77142857,9.914285714,11.37142857,127.33,8.8,96.7,10.7,102.145,166324.5,11735899,19.8,99
3.742596811,1013.342857,2.657142857,-5.314285714,2.6,60.42857143,4,64.28571429,183.8571429,14.71428571,994.8857143,-16.72857143,1025.428571,9.514285714,9.714285714,2.169047619,139.35,8.7,97.4,8.3,101.465,166583.8333,10353339,17.8,98.79
5.67979959,1015.057143,3.014285714,-6.071428571,2.328571429,55.14285714,3.142857143,62.42857143,186.2142857,16.81428571,997.6285714,-18.68571429,1026.785714,6.085714286,11.08571429,1.971428571,119.8525,5.25,97.58333333,4.8,101.2,132857,12446142,18.67762238,98.6
5.461170576,1017.614286,2.9,-4.357142857,2.414285714,49.14285714,1.857142857,55,164.9,15.64285714,995.7714286,-17.45714286,1027.542857,12.15714286,10.1,3.628571429,119.06,4.35,97.76666667,8.4,100.435,147439.5,8044592,26.5,98.04
5.884764291,1009.3,2.971428571,4.371428571,4.342857143,49.71428571,2.714285714,67.42857143,251.0571429,15.5,996.8571429,-10.42857143,1021.171429,21.55714286,10.04285714,6.614285714,131.61,8.7,96.2,9.3,101.415,142653,10003471,25.9,97.55
5.604645867,1006.271429,3.157142857,12.85714286,6.442857143,45.28571429,1.714285714,66.14285714,265.7428571,17.15714286,996.2285714,-1.514285714,1014.228571,26.84285714,10.84285714,7.144642262,119.22,8.2,98.4,9.2,101.425,147763.5,9558144,23.1,97.93
5.15144614,997.3571429,3.071428571,17.1,10.92857143,58.42857143,10.14285714,57.14285714,256.7,17.38571429,981.6285714,3.071428571,1011.028571,33.22857143,10.14285714,32.24285714,125.82,8.6,98.1,8.4,102.53,164299.5,11471482,8.9,98.71
4.74607151,995.8714286,2.385714286,21.9,18.35714286,71.85714286,12.42857143,45.85714286,206.9,15.38571429,990.1714286,14.08571429,1002.314286,31.58571429,9.4,36.27142857,137.68,8,96.7,6.3,102.26,168559,10303009,7.1,99.29
4.714188112,995.3142857,2.642857143,24.57142857,22.05714286,72.57142857,7,47.14285714,214.9428571,16.14285714,986.8,16.68571429,1002.342857,33.31428571,9.214285714,55.7,144.04,8.2,97.9,4.3,102.26,177108.5,9709417,1.2,99.47
4.331587338,998.5285714,2.228571429,24.04285714,20.88571429,71.42857143,7.857142857,62,262.2428571,14.97142857,988.8285714,15.82857143,1008.271429,34.38571429,9.028571429,32.3,156.36,2.8,98.4,2.4,102.17,192975.5,12116052,-2.7,98.98
3.978592576,1004.485714,2.357142857,18.02857143,13.22857143,64.85714286,6.714285714,67.71428571,249.9857143,16.27142857,993.0571429,1.457142857,1016.757143,29.58571429,9.614285714,18.94285714,129.96,-1.6,98.4,-3.2,101.385,182179,10849961,-10.4,98.18
4.001366431,1009.957143,3.042857143,11.82857143,8.5,58.57142857,3.428571429,59.57142857,202.6714286,18.37142857,997.2142857,-3.085714286,1023.142857,24.38571429,10.88571429,18.2,124.16,-2,98.2,-5.8,101.37,172048.5,9915810,-13,97.6
3.769073104,1011.857143,2.628571429,3.714285714,4.642857143,56.28571429,4.142857143,61.71428571,180.5571429,17.95714286,1001.414286,-8.271428571,1021.942857,17.95714286,10.02857143,6.2,127.79,-2.5,97.3,-6.8,101.07,141932.5,9928712,-15.9,97.17
3.671145525,1014.728571,2.7,-7.042857143,2.085714286,55,3.857142857,67.28571429,191.5714286,16.02857143,997.7428571,-18.68571429,1027.471429,4.9,9.157142857,3.510119048,142.58,-4.9,98.1,3.1775,101.425,159165.3333,10773982,-17.6,96.46
4.867640347,1016.414286,2.657142857,-6.828571429,2.285714286,59,5.714285714,60.57142857,180.5571429,15.88571429,1001.257143,-17.8,1029.314286,5.1,9.271428571,3.8,122.4791667,1.958333333,97.725,-13.4,100.55,135300,9440943,18.67762238,95.27
4.217252396,1012.714286,2.8,-3.557142857,2.814285714,56.71428571,4.714285714,62.57142857,187.7428571,16.61428571,999.9571429,-17.62857143,1025.971429,7.828571429,9.742857143,9.485714286,112.26,0.541666667,97.775,-17.9,101.495,150047.5,7503008,-2.4,94.62
5.317206755,1010.628571,3.128571429,3.171428571,3.785714286,48.14285714,3.571428571,67.28571429,249.8857143,19.54285714,998.8285714,-11.3,1024.885714,19.01428571,10.95714286,4.564285714,123.08,-8.5,97.75,-32.7,101.235,146294.5,8849024,-20.2,94.66
5.269283432,1004.885714,3.314285714,11.45714286,6.457142857,49.28571429,4.857142857,61.71428571,247.3142857,18.68571429,982.8428571,-3.457142857,1021.914286,29.28571429,10.84285714,33.81428571,121.42,-6.8,97.8,-27,101.31,150309.5,9489233,-23.4,94.38
5.050205386,997.2428571,3.4,17.55714286,9.785714286,50.71428571,7.428571429,63.85714286,286.6142857,18.21428571,979.9285714,3.714285714,1009.714286,30.5,10.14285714,32.7,131.48,-6.1,97.6,-23.9,100.725,167205.5,8297601,-23.3,94.77
4.728434505,995.3857143,2.571428571,21.28571429,17.2,69.85714286,12.85714286,50.42857143,226.4714286,16.5,985.2571429,11.28571429,1001.771429,30.41428571,9.5,30.57142857,132.02,-5.2,97.8,-22.7,100.955,170897.5,8869374,-25.9,94.51
4.465997262,996.1,2.385714286,24.41428571,21.28571429,70.85714286,9.571428571,51.57142857,235.2857143,15.51428571,981.4428571,13.7,1005.085714,34.94285714,9.442857143,45.2,152.53,-4.9,98.4,-21.7,101.6,179623.5,9945066,-24.1,93.92
4.28115016,997.7,2.228571429,24.22857143,22.52857143,75.42857143,10.85714286,55.28571429,233.9,16.78571429,988.5571429,15.84285714,1005.614286,32.84285714,8.957142857,36.04285714,163.44,-4,98.4,-22.9,101.86,194922,8227533,-24.1,92.94
4.016430853,1005.014286,2.3,19.45714286,14.45714286,65.28571429,4.714285714,68.42857143,252.5571429,13.12857143,997.3571429,7.571428571,1020.2,30.04285714,7.685714286,18.58571429,147.44,-7.6,99,-27.4,101.845,189171.5,9825931,-26.4,92.78
4.185303514,1008.485714,2.685714286,11.2,8.214285714,58.42857143,6.285714286,64.57142857,219.8857143,18.2,991.4142857,-3.657142857,1022.428571,25.51428571,10.51428571,32.47142857,128.31,-13.3,99.3,-31.2,101.33,176127.5,7654388,-28.6,93
3.852122319,1016.871429,3.228571429,-0.042857143,4.571428571,66,7.428571429,36.57142857,107.5,15.74285714,1002.742857,-15.92857143,1030.671429,18.4,9.414285714,17,134.2,-11.8,98.5,-31.7,101.83,145726.5,9165207,-31.1,93.2
3.580556823,1016.042857,2.457142857,-3.757142857,3.257142857,65,5.142857143,49,140.0571429,14.25714286,1001.714286,-19.27142857,1028.342857,6.714285714,8.685714286,6.714285714,144.45,-12.7,98.6,-3.473333333,101.815,144539.75,10151418,-32.3,93.3
4.607126542,1017.692857,2.642857143,-10.44,1.582857143,51.66142857,1.714285714,65.14660714,194.2767857,13.37142857,1007.328571,-23.05714286,1030.814286,5.671428571,7.9,1.085714286,123.7875,-2.8,98.09166667,-0.523333333,101.655,108291.5,7144725,18.67762238,94.1
4.634536318,1014.247143,2.664285714,-4.2,2.485714286,51.9,3.142857143,63.26988095,198.8571429,16.38571429,999.5571429,-17.58571429,1027.171429,9.785714286,9.4,9.785714286,126.2391667,-2.8,98.03333333,-11.26,102.04,119842,5930901,-8.3,94.3
5.155322065,1010.271429,3.028571429,4.457142857,4,48,1.857142857,65.2989881,245.2857143,16.2,996.9,-9.685714286,1021.442857,20.9,9.714285714,4.385714286,130.04,-6.1,97.5,-12.55,101.985,117267.5,7970648,-8.1,95.2
4.924623116,1002.14,3.225714286,11.79,6.511428571,48.66428571,7.857142857,62.92202381,254.9886905,18.34285714,988.4142857,-0.885714286,1013.857143,24.58571429,10.62857143,15.65711429,127.4,-9.8,98.3,-6.84,101.84,120781.5,7896514,-14.9,96.61
4.508908177,998.9857143,3.3,17.77142857,10.21428571,53.67142857,9,60.92684524,242.2857143,22.74285714,973,5.385714286,1012.528571,30.05714286,12.22857143,60.77137143,129.4,-7.1,98.5,-8.99,101.75,134903.5,8072195,-23.4,97.4
4.376427593,995.7857143,2.642857143,22.01428571,17.12857143,66.75714286,11.28571429,52.06946429,213.4285714,15.05714286,986.2857143,11.68571429,1003.242857,31.57142857,8.857142857,31.85712857,143.9,-7.8,97,-18.04,101.59,137885.5,8372351,-33.1,97.8
4.145728643,996.2,2.342857143,24.91428571,24.02857143,77.25714286,10.71428571,43.91285714,183.5714286,14.41428571,988.6285714,16.98571429,1004.171429,34,7.885714286,60.77141429,160.9,-9.7,97.3,-16.58,101.23,144570,8209061,-37.3,98.4
4.184559159,997.3428571,2.385714286,24.61428571,23.28571429,75.01428571,8.285714286,53.86958333,227.5714286,14.87142857,979.4142857,12.7,1005.185714,34.2,8.571428571,47.42854286,162.9,-12.7,99,-13.92,100.925,156968.5,8216152,-39.5,99.8
3.889904066,1003.514286,2.228571429,19.22857143,17,75.67142857,9.428571429,43.1164881,160.8571429,15.77142857,980.9428571,4.671428571,1016.071429,28.64285714,9.814285714,12.7,154.6,-18.9,99,-13.92,101.73,151885.5,9173536,-40.9,100.9
3.87391503,1010.828571,2.757142857,10.52857143,8.628571429,63.6,7.857142857,54.61666667,165.7142857,15.45714286,997.2857143,-5.357142857,1025.928571,26.08571429,9.214285714,10.2,148.5,-23.8,100.2,0.87,101.71,141431,7216153,-42.2,101.8
4.047510279,1013.814286,2.728571429,0.8,4.342857143,61.65714286,6.142857143,53.2560119,143.1428571,15.78571429,995.0714286,-13.32857143,1026.957143,15.1,9.471428571,6.328571429,148,-17.3,99.5,2.56,101.635,116354,8851141,-42.3,103.4
3.099588853,1015.892857,2.715714286,-4.275714286,3.141428571,64.41857143,4.285714286,50.43375,120.8571429,15.38571429,1000.571429,-16.92857143,1024.814286,9.614285714,8.914285714,4.857142857,154.5,-10,100.2,-5.936666667,101.71,113317.5,9358383,-42.2,106.2
4.614328222,1016.817143,2.511428571,-6.862857143,2.275714286,57.29,4.714285714,57.06404762,162.0857143,15.8,1003.985714,-18.21428571,1027.371429,7.157142857,9.1,5.314285714,125.6241667,-2.8,97.99166667,19.72,102.405,106484,9020375,18.67762238,108.7
4.756237125,1014.242857,2.857142857,-3.285714286,2.642857143,52.2,3.285714286,58.14035714,170.1285714,15.75714286,994.5857143,-14.97142857,1026.257143,10.04285714,9.342857143,7.985714286,126.6458333,-3.875,97.99166667,16.08,100.86,117350,8222793,-6.5,109.9
5.122453651,1010.212857,2.687142857,3.565714286,3.558571429,45.77714286,0.571428571,62.81505952,208.7142857,14.8,999.9,-9.671428571,1017.957143,17.17142857,8.842857143,0.114285714,146.5,-4.9,96.5,13.53,100.72,113952.5,9645315,-11.8,109.9
4.941634241,1001.057143,3.11,12.75857143,6.027142857,43.49,4,64.81291667,262.8714286,16.7,983.9,-0.514285714,1012.442857,29.37142857,10.08571429,10.25714286,123.4,-5.3,99.4,9.54,100.805,117617.5,9060080,-18.3,108.1
5.049210346,999.9185714,3.261428571,18.24142857,10.45714286,51.81714286,6.428571429,67.78380952,295.4,19.1,988.5571429,5.585714286,1009.7,32.07142857,11.11428571,15.54284286,124.1,-6.4,100.7,9.27,100.62,131957,9150558,-21.6,106.4
4.323643854,997.0857143,2.557142857,22.44285714,15.42857143,58.31428571,6.857142857,62.29494048,257.5,16.01428571,989.3428571,9.271428571,1005.4,35.95714286,8.542857143,31.14285714,154.1,-2.4,97.6,8.57,100.705,134269,9111197,-17.7,106.2
4.431219959,995.1714286,2.6,26.05714286,24.68571429,74.17142857,8.142857143,49.51458333,208.2428571,17.27142857,986.0571429,17.22857143,1002.514286,35.47142857,9.828571429,52.8,168.2,-1.6,97.4,9.43,100.705,140642.5,9749796,-13.6,106.3
4.506752117,996.9857143,2.114285714,23.91428571,23.61428571,78.55714286,14.57142857,47.59303571,200.0142857,15.97142857,985.3714286,9.571428571,1010.271429,32.57142857,8.785714286,98.31428571,170.4,1.9,100,9.55,101.065,153971.5,9311367,-7.2,107.4
3.943694209,1002.232857,2.425714286,19.22857143,15.87857143,70.81428571,6.428571429,55.93940476,223.3,16.68571429,992.4714286,4.557142857,1011.785714,29.88571429,9.685714286,18.75714286,151.5,4,98.8,10.76,101.33,148402.5,9437483,0,108.8
4.426642252,1012.871429,2.642857143,10.64285714,8.057142857,60.67142857,6.142857143,58.8302381,198.7714286,15.82857143,1000.157143,-2.885714286,1023.242857,23.28571429,9.571428571,22.88571429,155.9,7.7,99.3,10.41,101.785,137960,8351815,6.2,109.4
4.296177615,1012.385714,3.114285714,1.6,3.871428571,48.31428571,3.571428571,62.03779762,194.1285714,17.18571429,1000.471429,-13.47142857,1026.028571,18.15714286,10.14285714,8.157142857,155.5,7.5,99.1,10.28,101.95,113039,10132668,10.3,108.9
3.778896773,1015.785714,2.485714286,-6.214285714,2.028571429,49.61428571,1.142857143,61.02958333,181.9285714,15.35714286,1000.257143,-18.17142857,1027.314286,6.471428571,9.028571429,0.6,170,9.8,102.3,-6.0325,101.945,108809.5,10593708,11.2,107.6
